Institution,latitude,longitude
Universität für angewandte Kunst Wien,NA,NA
Universität Mozarteum Salzburg,NA,NA
"Universität Mozarteum Salzburg, Verbundregion Mitte",NA,NA
"Kunstuniversität Linz, Verbundregion Mitte",NA,NA
Universität für Musik und darstellende Kunst Wien,NA,NA
Akademie der bildenden Künste Wien,NA,NA
Universität für Musik und darstellende Kunst Graz,NA,NA
Kunstuniversität Linz,NA,NA
Technische Universität Graz,NA,NA
Universität für Bodenkultur Wien,NA,NA
Montanuniversität Leoben,NA,NA
Universität Salzburg,NA,NA
Universität Innsbruck,NA,NA
Technische Universität Wien,NA,NA
Universität Linz,NA,NA
Universität Wien,NA,NA
Universität Klagenfurt,NA,NA
Medizinische Universität Wien,NA,NA
"Technische Universität Graz, Universität Graz",NA,NA
Veterinärmedizinische Universität Wien,NA,NA
Hochschule für Angewandte Wissenschaften Burgenland,NA,NA
Fachhochschule Kärnten,NA,NA
Fachhochschule Wiener Neustadt GmbH,NA,NA
Fachhochschule St. Pölten GmbH,NA,NA
IMC Krems University of Applied Sciences,NA,NA
FH OÖ Studienbetriebs GmbH,NA,NA
Universität Graz,NA,NA
"Anton-Bruckner-Privatuniversität, Katholische Privat-Universität Linz, Kunstuniversität Linz, Universität Linz",NA,NA
"Universität für Musik und darstellende Kunst Graz, Universität Graz",NA,NA
Medizinische Universität Graz,NA,NA
Medizinische Universität Innsbruck,NA,NA
Wirtschaftsuniversität Wien,NA,NA
Fachhochschule für angewandte Militärwissenschaften,NA,NA
"Universität Wien, Verbundregion Nordost",NA,NA
"Universität Graz, Verbundregion Südost",NA,NA
"Universität Innsbruck, Verbundregion West",NA,NA
"Universität Salzburg, Verbundregion Mitte",NA,NA
VIVES University of Applied Sciences,NA,NA
University of Antwerp,NA,NA
KdG University of Applied Sciences and Arts,NA,NA
UCLL University of Applied Sciences,NA,NA
Thomas More University of Applied Sciences,NA,NA
AP University of Applied Sciences,NA,NA
Odisee University of Applied Sciences,NA,NA
Howest University of Applied Sciences,NA,NA
Artevelde University of Applied Sciences,NA,NA
PXL University of Applied Sciences and Arts,NA,NA
LUCA School of Arts,NA,NA
Antwerp Maritime Academy,NA,NA
KU Leuven,NA,NA
Vrije Universiteit Brussel,NA,NA
Erasmus Brussels University of Applied Sciences And Arts,NA,NA
"KU Leuven
														
																																									UCLL University of Applied Sciences",NA,NA
"Ghent University
														
																																									Vrije Universiteit Brussel",NA,NA
Ghent University,NA,NA
Hasselt University,NA,NA
Antwerp Management School,NA,NA
HOGENT University of Applied Sciences and Arts,NA,NA
"KU Leuven
														
																																									University of Antwerp",NA,NA
"KU Leuven
														
																																									University of Antwerp
														
																																									Vrije Universiteit Brussel",NA,NA
"Hasselt University
														
																																									KU Leuven",NA,NA
"Ghent University
														
																																									KU Leuven",NA,NA
"KU Leuven
														
																																									Vrije Universiteit Brussel",NA,NA
"Ghent University
														
																																									University of Antwerp
														
																																									Vrije Universiteit Brussel",NA,NA
Vlerick Business School,NA,NA
"Ghent University
														
																																									Hasselt University
														
																																									KU Leuven
														
																																									University of Antwerp
														
																																									Vrije Universiteit Brussel",NA,NA
"Ghent University
														
																																									KU Leuven
														
																																									Vrije Universiteit Brussel",NA,NA
Institute of Tropical Medicine,NA,NA
"Ghent University
														
																																									KU Leuven
														
																																									University of Antwerp
														
																																									Vrije Universiteit Brussel",NA,NA
"Antwerp Maritime Academy
														
																																									Ghent University",NA,NA
Ecole supérieure des Arts Saint-Luc de Bruxelles,NA,NA
Arts²,NA,NA
École Supérieure des Arts Saint-Luc Liège,NA,NA
Université de Mons,NA,NA
Université catholique de Louvain,NA,NA
Ecole supérieure des Arts – Ecole de Recherche graphique,NA,NA
Institut supérieur de Musique et Pédagogie,NA,NA
Haute Ecole Francisco Ferrer,NA,NA
Académie royale des Beaux-Arts de la Ville de Bruxelles,NA,NA
Haute Ecole ICHEC - ECAM - ISFSC,NA,NA
Université libre de Bruxelles,NA,NA
Université de Namur,NA,NA
Institut des Arts de Diffusion,NA,NA
Conservatoire royal de Liège,NA,NA
Haute Ecole de la ville de Liège,NA,NA
Haute Ecole Albert Jacquard,NA,NA
Haute Ecole en Hainaut,NA,NA
Haute Ecole Ephec,NA,NA
Haute École Louvain en Hainaut,NA,NA
Haute Ecole Libre Mosane,NA,NA
Haute Ecole provinciale de Hainaut – Condorcet,NA,NA
Haute Ecole Bruxelles-Brabant,NA,NA
Haute École de Namur-Liège-Luxembourg,NA,NA
Haute Ecole Charlemagne,NA,NA
Haute Ecole Robert Schuman,NA,NA
Haute Ecole de la Province de Liège,NA,NA
Haute Ecole Léonard de Vinci,NA,NA
Université de Liège,NA,NA
Haute Ecole de la Province de Namur,NA,NA
Haute Ecole Lucia de Brouckère,NA,NA
Haute École Libre de Bruxelles Ilya Prigogine,NA,NA
ESA Saint-Luc Tournai,NA,NA
Ecole supérieure des Arts du Cirque,NA,NA
Institut national supérieur des arts du spectacle et des techniques de diffusion,NA,NA
Académie des Beaux-Arts de Tournai,NA,NA
Ecole nationale supérieure des Arts visuels de La Cambre,NA,NA
Beaux-arts de Liège - Ecole supérieure des Arts,NA,NA
Ecole supérieure des Arts de l’Image « Le 75 »,NA,NA
Haute École Galilée - IHECS,NA,NA
Conservatoire royal de Bruxelles,NA,NA
faculty of economics and business in rijeka,NA,NA
university of dubrovnik,NA,NA
university of zagreb,NA,NA
algebra bernays university,NA,NA
rit croatia in zagreb,NA,NA
vern' university in zagreb,NA,NA
university of rijeka,NA,NA
rit croatia in dubrovnik,NA,NA
libertas international university in zagreb,NA,NA
university of split,NA,NA
university in zagreb,NA,NA
university of zadar,NA,NA
university j. j. strossmayer in osijek,NA,NA
zagreb school of economics and management,NA,NA
university josip j. j. strossmayer in osijek,NA,NA
zagreb university of applied sciences,NA,NA
university juraj dobrila in pula,NA,NA
juraj dobrila university of pula,NA,NA
university north,NA,NA
University Of Cyprus,NA,NA
Neapolis University,NA,NA
Frederick University,NA,NA
University of Nicosia,NA,NA
European University Cyprus,NA,NA
Open University of Cyprus,NA,NA
CIIM,NA,NA
University of Central Lancashire Cyprus (UCLan Cyprus),NA,NA
Cyprus Institute,NA,NA
Cyprus University of Technology,NA,NA
Cyprus Institute of Marketing,NA,NA
Institute of Neurology & Genetics,NA,NA
University of Southern Denmark (SDU),NA,NA
Copenhagen Business School (CBS),NA,NA
University of Copenhagen (UCPH),NA,NA
The Royal Opera Academy,NA,NA
Aalborg University (AAU),NA,NA
Aarhus University (AU),NA,NA
Technical University of Denmark (DTU),NA,NA
VIA University College,NA,NA
KEA - Copenhagen School of Design and Technology,NA,NA
University College of Northern Denmark (UCN),NA,NA
Aarhus School of Architecture,NA,NA
"Royal Danish Academy -  Architecture, Design and Conservation",NA,NA
Funen Art Academy,NA,NA
The Royal Danish Academy of Music,NA,NA
Roskilde University (RUC),NA,NA
University College Absalon,NA,NA
The Royal Academy of Music - Aarhus/Aalborg,NA,NA
Danish National Academy of Music,NA,NA
IT University of Copenhagen (ITU),NA,NA
Business Academy SouthWest,NA,NA
Danish School of Media and Journalism (DMJX),NA,NA
UCL University College,NA,NA
Kolding School of Design,NA,NA
Business Academy Aarhus,NA,NA
University College Copenhagen,NA,NA
International Business Academy (IBA),NA,NA
Dania Academy,NA,NA
University College South Denmark,NA,NA
Copenhagen Business Academy,NA,NA
Estonian University of Life Sciences,NA,NA
Estonian Academy of Music and Theatre,NA,NA
Estonian Aviation Academy,NA,NA
University of Tartu,NA,NA
Estonian Entrepreneurship University of Applied Sciences,NA,NA
Estonian Business School,NA,NA
Tallinn University of Technology,NA,NA
Tallinn University,NA,NA
Baltic Methodist Theological Seminary,NA,NA
Tallinn Health Care College,NA,NA
Estonian Academy of Arts,NA,NA
Tallinn University/ Estonian Academy of Arts,NA,NA
Estonian Academy of Music and Theatre/ EBS,NA,NA
Tartu Applied Health Sciences University,NA,NA
Estonian University of Life Sciences / University of Tartu,NA,NA
Martin Luther University Halle-Wittenberg,NA,NA
Osnabrück University of Applied Sciences,NA,NA
Trier University,NA,NA
SRH University,NA,NA
University of Cologne,NA,NA
Friedrich Schiller University Jena,NA,NA
Internationale Hochschule SDI München/International University SDI München,NA,NA
University of Passau,NA,NA
Leipzig University,NA,NA
Freie Universität Berlin,NA,NA
Johannes Gutenberg University Mainz,NA,NA
Heilbronn University of Applied Sciences,NA,NA
RPTU University of Kaiserslautern-Landau,NA,NA
Julius-Maximilians-Universität Würzburg,NA,NA
Chemnitz University of Technology,NA,NA
RWTH Aachen University,NA,NA
Westsächsische Hochschule Zwickau - University of Applied Sciences Zwickau,NA,NA
Rosenheim Technical University of Applied Sciences,NA,NA
Osnabrück University,NA,NA
Justus Liebig University Giessen,NA,NA
TU Bergakademie Freiberg,NA,NA
University of Tübingen,NA,NA
University of Hohenheim,NA,NA
Technical University of Munich,NA,NA
Universität Hamburg,NA,NA
University of Bayreuth,NA,NA
Rhine-Waal University of Applied Sciences,NA,NA
University of Bonn,NA,NA
University of Kassel,NA,NA
University of Technology Nuremberg,NA,NA
Furtwangen University,NA,NA
Technische Hochschule Ingolstadt,NA,NA
Hof University of Applied Sciences,NA,NA
University of Stuttgart,NA,NA
Dresden University of Technology,NA,NA
Saarland University,NA,NA
Coburg University of Applied Sciences and Arts,NA,NA
University of Potsdam,NA,NA
University of Konstanz,NA,NA
Deggendorf Institute of Technology,NA,NA
Hochschule Bonn-Rhein-Sieg,NA,NA
Ansbach University of Applied Sciences,NA,NA
Schmalkalden University of Applied Sciences,NA,NA
University of Göttingen,NA,NA
University of Wuppertal,NA,NA
University of Bremen,NA,NA
Weihenstephan-Triesdorf University of Applied Sciences,NA,NA
Ruhr-Universität Bochum,NA,NA
University of Koblenz,NA,NA
Anhalt University of Applied Sciences,NA,NA
"Hochschule Wismar - University of Applied Sciences, Technology, Business and Design",NA,NA
Universität zu Lübeck,NA,NA
Brandenburg University of Technology Cottbus-Senftenberg,NA,NA
FAU Erlangen-Nürnberg,NA,NA
Heinrich Heine University Düsseldorf,NA,NA
Ostbayerische Technische Hochschule Amberg-Weiden (OTH),NA,NA
Technische Universität Braunschweig,NA,NA
Technische Hochschule Köln (University of Applied Sciences),NA,NA
TU Dortmund University,NA,NA
University of Duisburg-Essen,NA,NA
Technische Hochschule Mannheim,NA,NA
Ostfalia University of Applied Sciences - Hochschule Braunschweig/Wolfenbüttel,NA,NA
Esslingen University of Applied Sciences,NA,NA
Worms University of Applied Sciences,NA,NA
Berlin International University of Applied Sciences,NA,NA
Europa-Universität Flensburg,NA,NA
Heidelberg University,NA,NA
"Bard College Berlin, a Liberal Arts University",NA,NA
Technical University of Applied Sciences Würzburg-Schweinfurt (THWS),NA,NA
Stralsund University of Applied Sciences,NA,NA
University of Applied Management Studies,NA,NA
Pforzheim University,NA,NA
Hochschule für Technik und Wirtschaft Dresden – University of Applied Sciences,NA,NA
Kühne Logistics University,NA,NA
University of Bamberg,NA,NA
Darmstadt University of Applied Sciences,NA,NA
Constructor University,NA,NA
FH Aachen University of Applied Sciences,NA,NA
Carl von Ossietzky University of Oldenburg,NA,NA
Technische Hochschule Nürnberg Georg Simon Ohm,NA,NA
Zeppelin University,NA,NA
Technische Universität Ilmenau,NA,NA
Hochschule Geisenheim University,NA,NA
University of Münster,NA,NA
Frankfurt School of Finance & Management,NA,NA
WHU - Otto Beisheim School of Management,NA,NA
EBS Universität für Wirtschaft und Recht,NA,NA
HTW Berlin University of Applied Sciences,NA,NA
Bielefeld University,NA,NA
Hochschule Bielefeld – University of Applied Sciences and Arts (HSBI),NA,NA
Technical University of Applied Sciences Wildau,NA,NA
Humboldt-Universität zu Berlin,NA,NA
Technische Universität Berlin,NA,NA
HWR Berlin (Berlin School of Economics and Law),NA,NA
Otto von Guericke University Magdeburg,NA,NA
University of Education Freiburg,NA,NA
University of Freiburg,NA,NA
University of Greifswald,NA,NA
Hochschule Fresenius - University of Applied Sciences,NA,NA
Hamburg University of Applied Sciences,NA,NA
Technische Hochschule Lübeck,NA,NA
University of Regensburg,NA,NA
Karlsruhe Institute of Technology,NA,NA
Bucerius Law School,NA,NA
South Westphalia University of Applied Sciences,NA,NA
Catholic University of Eichstätt-Ingolstadt,NA,NA
Philipps-Universität Marburg,NA,NA
University of Applied Sciences Emden/Leer,NA,NA
SRH Distance Learning University,NA,NA
bbw Hochschule - University of Applied Sciences,NA,NA
Hamburg University of Technology,NA,NA
University of Siegen,NA,NA
Biberach University of Applied Sciences,NA,NA
Technical University of Darmstadt,NA,NA
University of Hildesheim,NA,NA
Ulm University,NA,NA
Leibniz University Hannover,NA,NA
University of Rostock,NA,NA
Kiel University of Applied Sciences,NA,NA
Ulm University of Applied Sciences,NA,NA
Bauhaus-Universität Weimar,NA,NA
Neu-Ulm University of Applied Sciences,NA,NA
Ludwig-Maximilians-Universität München,NA,NA
Technische Hochschule Mittelhessen University of Applied Sciences,NA,NA
European University Viadrina,NA,NA
Leuphana University Lüneburg,NA,NA
Goethe University Frankfurt,NA,NA
Hochschule der Bayerischen Wirtschaft (HDBW),NA,NA
Hochschule Hannover - University of Applied Sciences and Arts,NA,NA
Deutsches Elektronen-Synchrotron DESY,NA,NA
Fulda University of Applied Sciences,NA,NA
University of Augsburg,NA,NA
Folkwang University of the Arts,NA,NA
Hannover Medical School,NA,NA
Baden-Wuerttemberg Cooperative State University Heidenheim,NA,NA
Bremen University of Applied Sciences,NA,NA
Reutlingen University,NA,NA
Albstadt-Sigmaringen University,NA,NA
German Institute for Economic Research (DIW Berlin),NA,NA
Hertie School,NA,NA
Max Planck School of Cognition,NA,NA
Leibniz Institute of Ecological Urban and Regional Development (IOER),NA,NA
Paderborn University,NA,NA
University of Applied Sciences Ravensburg-Weingarten,NA,NA
Kiel University,NA,NA
OTH Regensburg,NA,NA
Kempten University of Applied Sciences,NA,NA
Offenburg University of Applied Sciences,NA,NA
Hamm-Lippstadt University of Applied Sciences,NA,NA
Bremerhaven University of Applied Sciences,NA,NA
Hochschule München University of Applied Sciences,NA,NA
Magdeburg-Stendal University of Applied Sciences,NA,NA
International Psychoanalytic University Berlin,NA,NA
Aschaffenburg University of Applied Sciences,NA,NA
Dortmund University of Applied Sciences and Arts,NA,NA
accadis Hochschule Bad Homburg | University of Applied Sciences,NA,NA
Kaiserslautern University of Applied Sciences,NA,NA
Eberswalde University for Sustainable Development,NA,NA
HHL Leipzig Graduate School of Management,NA,NA
OWL University of Applied Sciences and Arts,NA,NA
Neubrandenburg University of Applied Sciences,NA,NA
Brandenburg University of Applied Sciences,NA,NA
University of Erfurt,NA,NA
Helmholtz Centre for Environmental Research - UFZ,NA,NA
Frankfurt University of Applied Sciences,NA,NA
htw saar - University of Applied Sciences,NA,NA
Dresden International University,NA,NA
Technical University of Applied Sciences Augsburg,NA,NA
ASH Berlin,NA,NA
University of Education Schwäbisch Gmünd,NA,NA
Trier University of Applied Sciences,NA,NA
FH Münster University of Applied Sciences,NA,NA
Jade University of Applied Sciences Wilhelmshaven/Oldenburg/Elsfleth,NA,NA
Mainz University of Applied Sciences,NA,NA
Charité - Universitätsmedizin Berlin,NA,NA
Helmholtz-Zentrum Dresden-Rossendorf,NA,NA
Leibniz Institute for Natural Product Research and Infection Biology - Hans Knöll Institute,NA,NA
Nürtingen-Geislingen University,NA,NA
HTWG Konstanz - University of Applied Sciences,NA,NA
Hochschule Niederrhein - University of Applied Sciences,NA,NA
Max Planck Institute for the Structure and Dynamics of Matter,NA,NA
Max Planck Institute of Immunobiology and Epigenetics,NA,NA
Max Planck Institute for Marine Microbiology,NA,NA
Max Planck Institute of Biophysics,NA,NA
Max Planck Institute for Human Cognitive and Brain Sciences,NA,NA
Max Planck Institute for Meteorology,NA,NA
Max Planck Institute for the Study of Societies,NA,NA
Max Planck Institute for Informatics,NA,NA
Max Planck Institute for Biological Intelligence,NA,NA
German Cancer Research Center (DKFZ) Heidelberg,NA,NA
Hochschule für Technik Stuttgart - University of Applied Sciences,NA,NA
Friedensau Adventist University,NA,NA
University of Mannheim,NA,NA
FH Westküste University of Applied Sciences,NA,NA
Fachhochschule Wedel University of Applied Sciences,NA,NA
Ludwigshafen University of Business and Society,NA,NA
ifs Internationale Filmschule Köln,NA,NA
Witten/Herdecke University,NA,NA
University of Applied Sciences Koblenz,NA,NA
ESCP Berlin Campus,NA,NA
Aalen University,NA,NA
Merz Akademie,NA,NA
HSBA Hamburg School of Business Administration,NA,NA
Berliner Hochschule für Technik,NA,NA
Munich Intellectual Property Law Center,NA,NA
Bingen Technical University of Applied Sciences,NA,NA
HafenCity University Hamburg,NA,NA
University of Applied Sciences Jena,NA,NA
Max Planck Institute for Solid State Research,NA,NA
Clausthal University of Technology,NA,NA
Detmold University of Music,NA,NA
University of Vechta,NA,NA
The Max Planck Institute for Neurobiology of Behavior – caesar,NA,NA
Max Planck Law,NA,NA
University of Applied Sciences Kehl,NA,NA
University of Applied Sciences and Arts Hildesheim/Holzminden/Göttingen,NA,NA
RheinMain University of Applied Sciences,NA,NA
Hochschule der Medien Stuttgart,NA,NA
TRON – Translational Oncology at the University Medical Center of the Johannes Gutenberg University Mainz,NA,NA
Harz University of Applied Sciences,NA,NA
German Academic Exchange Service (DAAD),NA,NA
St. Ignatius of Loyola College,NA,NA
Vilnius University,NA,NA
Kaunas University of Technology,NA,NA
Vilnius Gediminas Technical University (VILNIUS TECH),NA,NA
Kazimieras Simonavicius University (KSU),NA,NA
Mykolas Romeris University,NA,NA
Vytautas Magnus University,NA,NA
Vilnius Academy of Arts,NA,NA
Klaipeda University,NA,NA
Kauno kolegija Higher Education Institution,NA,NA
SMK College of Applied Sciences,NA,NA
European Humanities University,NA,NA
ISM University of Management and Economics,NA,NA
Šiaulių valstybinė kolegija / Higher Education Institution,NA,NA
Lithuania Business University of Applied Sciences,NA,NA
Vilnius Business College / Higher Education Institution,NA,NA
Lithuanian Maritime Academy,NA,NA
Klaipėdos valstybinė kolegija / Higher Education Institution,NA,NA
Lithuanian University of Health Sciences,NA,NA
Lithuanian Sports University,NA,NA
LCC International University,NA,NA
Lithuanian Academy of Music and Theatre,NA,NA
Vilniaus kolegija / Higher Education Institution,NA,NA
Utenos kolegija / Higher Education Institution,NA,NA
Panevėžio kolegija / State Higher Education Institution,NA,NA
Kolpingo kolegija / Kolping Higher Education Institution,NA,NA
Université du Luxembourg,NA,NA
"University of Agder, South Norway",NA,NA
"UiT The Arctic University of Norway, North Norway",NA,NA
"Norwegian University of Life Sciences, East Norway",NA,NA
"OsloMet – Oslo Metropolitan University, East Norway",NA,NA
"Norwegian University of Science and Technology, East Norway",NA,NA
"UiT The Arctic University of Norway,",NA,NA
"Western Norway University of Applied Sciences, West Norway",NA,NA
"University of Oslo, East Norway",NA,NA
"University of Inland Norway, East Norway",NA,NA
"Kristiania University College, East Norway",NA,NA
"Fjellhaug International University College, East Norway",NA,NA
"University of Stavanger, West Norway",NA,NA
"BI Norwegian Business School, East Norway",NA,NA
"Norwegian University of Science and Technology, Mid Norway",NA,NA
"Nord University, North Norway",NA,NA
"Nord University, North Norway, Mid Norway",NA,NA
"University of South-Eastern Norway,",NA,NA
"NHH Norwegian School of Economics,",NA,NA
"Nord University, Mid Norway",NA,NA
"VID Specialized University, East Norway, West Norway",NA,NA
"Norwegian University of Life Sciences,",NA,NA
"NHH Norwegian School of Economics, West Norway",NA,NA
"Norwegian Academy of Music, East Norway",NA,NA
"Norwegian School of Sport Sciences,",NA,NA
"Molde University College – Specialized University in Logistics (HiMolde),",NA,NA
"BI Norwegian Business School,",NA,NA
"Norwegian University of Science and Technology, West Norway",NA,NA
"BI Norwegian Business School, East Norway, West Norway",NA,NA
"Østfold University College,",NA,NA
"NLA University College, South Norway",NA,NA
"Volda University College, West Norway",NA,NA
"MF Norwegian School of Theology, Religion and Society,",NA,NA
"NLA University College, West Norway",NA,NA
"Oslo School of Architecture and Design, East Norway",NA,NA
"Molde University College – Specialized University in Logistics (HiMolde), West Norway",NA,NA
"VID Specialized University, West Norway",NA,NA
"University of Bergen, West Norway",NA,NA
"OsloMet – Oslo Metropolitan University,",NA,NA
Jan Kochanowski University of Kielce,NA,NA
University of Wroclaw,NA,NA
SGH Warsaw School of Economics,NA,NA
Lodz University of Technology,NA,NA
Jagiellonian University in Kraków,NA,NA
Rzeszow University of Technology,NA,NA
Military University of Technology,NA,NA
Warsaw University of Technology,NA,NA
Military University of Aviation,NA,NA
Polish Air Force Academy,NA,NA
Poznań University of Life Sciences,NA,NA
University of Warmia and Mazury in Olsztyn,NA,NA
University of Agriculture in Krakow,NA,NA
Bachelor Studies - Agriculture,NA,NA
Wroclaw University of Environmental and Life Sciences,NA,NA
Interdisciplinary Bioeconomy Studies,NA,NA
University of Warsaw,NA,NA
University of Silesia in Katowice,NA,NA
University of Life Sciences in Lublin,NA,NA
University,NA,NA
University of Bialystok,NA,NA
University of Opole,NA,NA
Cracow University of Economics,NA,NA
Wrocław University of Science and Technology,NA,NA
Cracow University of Technology,NA,NA
Silesian University of Technology,NA,NA
Poznan University of Technology,NA,NA
University College of Enterprise and Administration in Lublin,NA,NA
Gdańsk University of Technology,NA,NA
Vistula University,NA,NA
Bialystok University of Technology,NA,NA
SWPS University,NA,NA
University of Lower Silesia,NA,NA
University of Arts In Poznan,NA,NA
Polish-Japanese Academy of Information Technology,NA,NA
The Eugeniusz Geppert Academy of Art and Design in Wrocław,NA,NA
Cinematography & Post-production,NA,NA
Jan Dlugosz University in Czestochowa,NA,NA
University of Arts in Poznan,NA,NA
Film Directing & Video Games,NA,NA
AGH University of Krakow,NA,NA
University of Zielona Gora,NA,NA
Silesian Univeristy of Technology,NA,NA
Lazarski University,NA,NA
University of Information Technology and Management,NA,NA
"Adam Mickiewicz University, Poznan",NA,NA
University of Szczecin,NA,NA
Nicolaus Copernicus University,NA,NA
Maria Curie-Skłodowska University,NA,NA
Medical University of Silesia,NA,NA
The John Paul II Catholic University of Lublin,NA,NA
Environmental and Plant Biotechnology,NA,NA
Warsaw School of Economics (SGH),NA,NA
Wroclaw University of Economics and Business,NA,NA
The University of Dąbrowa Górnicza,NA,NA
University of Social Sciences,NA,NA
Uniwersytet WSB Merito Chorzów,NA,NA
University of Economics in Katowice,NA,NA
Uniwersytet WSB Merito Warszawa,NA,NA
Collegium Civitas,NA,NA
WSG University,NA,NA
University of Lodz,NA,NA
AGH University of Science and Technology,NA,NA
Kielce University of Technology,NA,NA
Academy of Music in Cracow,NA,NA
The Karol Szymanowski Academy of Music in Katowice,NA,NA
Uniwersytet WSB Merito Poznan,NA,NA
University of Economics and Human Sciences in Warsaw,NA,NA
Wyższa Szkoła Biznesu - National Louis University,NA,NA
Uniwersytet WSB Merito Wrocław,NA,NA
University of Zielona Góra,NA,NA
University of Gdansk,NA,NA
Medical University of Lublin,NA,NA
Wrocław Medical University,NA,NA
Pomeranian Medical University in Szczecin,NA,NA
Medical University of Lodz,NA,NA
Poznan University of Medical Sciences,NA,NA
Medical University of Warsaw,NA,NA
Opole University of Technology,NA,NA
Poznań University of Economics and Business,NA,NA
Warsaw University of Life Sciences - SGGW,NA,NA
State Higher Vocational School in Walcz,NA,NA
Wszechnica Polska Academy of Applied Sciences in Warsaw,NA,NA
Czestochowa University of Technology,NA,NA
Uniwersytet WSB Merito Gdańsk,NA,NA
Uniwersytet WSB Merito Bydgoszcz,NA,NA
Poznan University of Economics and Business,NA,NA
Kozminski University,NA,NA
Wyższa Szkoła Bankowa w Łodzi,NA,NA
Uniwersytet WSB Merito Torun,NA,NA
Food Engineering,NA,NA
"Bachelor Studies- Food Processing, Safety and Quality",NA,NA
Wrocław University of Environmental and Life Sciences,NA,NA
Food Technology and Human Nutrition,NA,NA
University of Rzeszów,NA,NA
University of Humanities and Economics in Lodz,NA,NA
Academy of Physical Education in Katowice,NA,NA
Univeristy of Opole,NA,NA
Polish Naval Academy,NA,NA
Andrzej Frycz Modrzewski Krakow University,NA,NA
Wrocław University of Economics,NA,NA
University of Bielsko-Biala,NA,NA
The Karol Lipiński Academy of Music in Wrocław,NA,NA
"Adam Mickiewicz University, Poznań",NA,NA
Philological School of Higher Education in Wrocław,NA,NA
State University of Applied Sciences in Konin,NA,NA
Pomeranian University in Słupsk,NA,NA
Pomeranian University in Slupsk,NA,NA
Державна Вища Професійна Школа в Валчев,NA,NA
Krosno State College,NA,NA
Katowice School of Economics,NA,NA
Uniwersytet WSB Merito Opole,NA,NA
Siedlce University of Natural Sciences and Humanitiesis,NA,NA
Uniwersytet WSB Merito Szczecin,NA,NA
Kozminski University & ESCP Europe,NA,NA
Maritime University of Szczecin,NA,NA
Koszalin University of Technology,NA,NA
Kazimierz Wielki University,NA,NA
The Pontifical University of John Paul II in Krakow,NA,NA
Medical University of Gdańsk,NA,NA
Medical University of Bialystok,NA,NA
Nicolaus Copernicus University Collegium Medicum,NA,NA
The Grażyna and Kiejstut Bacewicz Academy of Music in Łódź,NA,NA
The Ignacy Jan Paderewski Academy of Music in Poznan,NA,NA
Medical University od Gdańsk,NA,NA
Jan Grodek State University in Sanok,NA,NA
The Pontifical University oh John Paul II in Krakow,NA,NA
Pedagogical University of Cracow,NA,NA
"Graduate School for Social Research, Institute of Philosophy & Sociology, Polish Academy of Sciences",NA,NA
Engineering and Management of Space Systems-EN,NA,NA
Siedlce University of Natural Sciences and Humanities,NA,NA
Vistula School of Hospitality,NA,NA
Poznan University of Life Sciences,NA,NA
Western Serbia Academy of Applied Studies - Uzice Department,NA,NA
Faculty of Economics - unit in Novi Sad,NA,NA
Faculty of Economics,NA,NA
Belgrade Business and Arts Academy of Applied Studies - Department of Business and Information Studies,NA,NA
College of Economics and Administration,NA,NA
Faculty of Drama Arts,NA,NA
Faculty of Contemporary Art,NA,NA
Academy of Arts,NA,NA
Academy of Arts Belgrade,NA,NA
ELEKTROTEHNIČKA ŠKOLA „MIJA STANIMIROVIć”,NA,NA
MAŠINSKO-ELEKTROTEHNIČKA ŠKOLA,NA,NA
TEHNIČKA ŠKOLA,NA,NA
PRVA TEHNIČKA ŠKOLA,NA,NA
ELEKTROTEHNIČKA ŠKOLA „NIKOLA TESLA”,NA,NA
ELEKTROTEHNIČKA ŠKOLA ZEMUN,NA,NA
ELEKTROTEHNIČKA ŠKOLA „MIHAJLO PUPIN”,NA,NA
TEHNIČKA ŠKOLA „9. MAJ”,NA,NA
University of Belgrade,NA,NA
Faculty of Economy,NA,NA
Faculty of Business and Law,NA,NA
School of Electrical Engineering,NA,NA
Faculty of Organizational Sciences,NA,NA
Singidunum University,NA,NA
Metropolitan University,NA,NA
Department of Agricultural - Business Studies and Tourism,NA,NA
Faculty of Agriculture,NA,NA
Educons University,NA,NA
Faculty of Agronomy,NA,NA
College of Applied Studies Aviation Academy,NA,NA
Faculty of Medicine,NA,NA
Faculty of Philosophy,NA,NA
Faculty of Technical Sciences,NA,NA
Faculty of Physics,NA,NA
Faculty of Applied Arts,NA,NA
Faculty of Sciences and Mathematics,NA,NA
Academy of Vocational Studies Šumadija - Аranđelovac Department,NA,NA
"Faculty for Applied Management, Economy and Finance",NA,NA
College of Applied Studies in Management and Business Communication,NA,NA
Department of Business Studies Blace,NA,NA
Faculty of Sciences,NA,NA
Faculty of Media and Communications,NA,NA
Faculty of Sport and Psychology,NA,NA
Faculty of Music Arts,NA,NA
Faculty of Diplomacy and Security,NA,NA
ŠKOLA PRIMENjENIH UMETNOSTI,NA,NA
TRGOVINSKA ŠKOLA,NA,NA
TRGOVAČKA ŠKOLA,NA,NA
Department School of Civil Engineering and Geodesy,NA,NA
Academy of Technical-Educational Vocational Studies Niš - Niš Department,NA,NA
State University of Novi Pazar,NA,NA
Faculty of Civil Engineering and Architecture,NA,NA
Faculty of Architecture,NA,NA
Union - Nikola Tesla University,NA,NA
GRAĐEVINSKA TEHNIČKA ŠKOLA „NEIMAR”,NA,NA
ŠKOLA ZA DIZAJN TEKSTILA I KOŽE,NA,NA
MAŠINSKA TEHNIČKA ŠKOLA „14. OKTOBAR”,NA,NA
POLITEHNIČKA ŠKOLA „MILUTIN MILANKOVIć”,NA,NA
TEHNIČKA ŠKOLA „RADOJE LjUBIČIć”,NA,NA
ELEKTROTEHNIČKA I GRAĐEVINSKA ŠKOLA „NIKOLA TESLA”,NA,NA
ARHITEKTONSKA TEHNIČKA ŠKOLA,NA,NA
SREDNjA TEHNIČKA ŠKOLA „NIKOLA TESLA”,NA,NA
TEHNIČKA ŠKOLA „MILEVA MARIć AJNŠTAJN”,NA,NA
POLITEHNIČKA ŠKOLA,NA,NA
TEHNIČKA ŠKOLA „23. MAJ”,NA,NA
SREDNjA STRUČNA ŠKOLA „MILOŠ CRNjANSKI”,NA,NA
University of Arts in Belgrade,NA,NA
Faculty of Mathematics,NA,NA
University of Kragujevac,NA,NA
Faculty of Electronic Engineering,NA,NA
Faculty of Engineering Management,NA,NA
Department School of Electrical and Computer Engineering,NA,NA
Belgrade Business and Arts Academy of Applied Studies - Department of Art and Design,NA,NA
FEFA Faculty,NA,NA
TEHNIČKA ŠKOLA „RADE METALAC”,NA,NA
TEHNIČKA ŠKOLA „NIKOLA TESLA”,NA,NA
TEHNIČKA ŠKOLA „KOLUBARA”,NA,NA
SAOBRAćAJNO-TEHNIČKA ŠKOLA,NA,NA
TEHNIČKA ŠKOLA GSP,NA,NA
MAŠINSKO-SAOBRAćAJNA ŠKOLA,NA,NA
ŠKOLA ZA OSNOVNO I SREDNjE OBRAZOVANjE „VESELIN NIKOLIć”,NA,NA
SREDNjA ZANATSKA ŠKOLA,NA,NA
ŠKOLA ZA OŠTEćENE SLUHOM – NAGLUVE „STEFAN DEČANSKI”,NA,NA
ŠKOLA ZA OSNOVNO I SREDNjE OBRAZOVANjE „VOŽD”,NA,NA
ŠKOLA ZA OSNOVNO I SREDNjE OBRAZOVANjE „MILAN PETROVIć”,NA,NA
SREDNjA MAŠINSKA ŠKOLA,NA,NA
SREDNjA STRUČNA ŠKOLA „4. JULI”,NA,NA
"OSNOVNA I SREDNjA ŠKOLA „9, MAJ”",NA,NA
SREDNjA STRUČNA ŠKOLA,NA,NA
SREDNjA ŠKOLA „SEZAI SUROI”,NA,NA
TEHNIČKA ŠKOLA „JOVAN ŽUJOVIć”,NA,NA
SREDNjA ŠKOLA,NA,NA
POSAVOTAMNAVSKA SREDNjA ŠKOLA,NA,NA
TEHNIČKA ŠKOLA UB,NA,NA
SREDNjA ŠKOLA „HILjADU TRISTA KAPLARA”,NA,NA
TEHNIČKO-POLjOPRIVREDNA ŠKOLA,NA,NA
SREDNjA ŠKOLA „SVETI AHILIJE”,NA,NA
TEHNIČKA ŠKOLA SA DOMOM UČENIKA „NIKOLA TESLA”,NA,NA
SREDNjA ŠKOLA „KRALj PETAR PRVI”,NA,NA
SREDNjA TEHNIČKA ŠKOLA „MILEVA MARIć”,NA,NA
SREDNjA ŠKOLA „22. OKTOBAR”,NA,NA
SREDNjA TEHNIČKA ŠKOLA „MIHAJLO PUPIN”,NA,NA
MAŠINSKA ŠKOLA „PANČEVO”,NA,NA
TEHNIČKA ŠKOLA „SAVA MUNćAN”,NA,NA
SREDNjA ŠKOLA „VUK KARAdžIć”,NA,NA
POLjOPRIVREDNO-TEHNIČKI SREDNjOŠKOLSKI CENTAR „BESEDEŠ JOŽEF”,NA,NA
VAZDUHOPLOVNA AKADEMIJA,NA,NA
Department School of Information and Communication Technologies,NA,NA
Novi Sad Business School - Business College of Applied Studies,NA,NA
Faculty of Business,NA,NA
"Belgrade Banking Academy - Faculty for Banking, Insurance and Finance",NA,NA
Faculty of Dentistry,NA,NA
Faculty of Pharmacy,NA,NA
Faculty of Technology and Metallurgy,NA,NA
Faculty of Chemistry,NA,NA
Faculty of Medical Sciences,NA,NA
Faculty of Engineering,NA,NA
Faculty for Biopharming,NA,NA
Faculty of Biology,NA,NA
Faculty of Science,NA,NA
Military Medical Academy Medical Faculty,NA,NA
Department of Agriculture and Food Technology Studies,NA,NA
Faculty of Technology,NA,NA
Faculty of Veterinary Medicine,NA,NA
ŠKOLA ZA OSNOVNO I SREDNjE OBRAZOVANjE „CARICA JELENA”,NA,NA
ŠKOLA ZA OSNOVNO I SREDNjE OBRAZOVANjE „MLADOST”,NA,NA
SREDNjA TEHNIČKA ŠKOLA „PREŠEVO”,NA,NA
HEMIJSKO-TEHNOLOŠKA ŠKOLA,NA,NA
ŠKOLA ZA OSNOVNO I SREDNjE OBRAZOVANjE „11. OKTOBAR”,NA,NA
SREDNjA TEHNIČKA ŠKOLA „VOŽD KARAĐORĐE”,NA,NA
ŠKOLA ZA OSNOVNO I SREDNjE OBRAZOVANjE „JELENA MAJSTOROVIć”,NA,NA
ŠKOLA ZA OSNOVNO I SREDNjE OBRAZOVANjE „VIDOVDAN”,NA,NA
ŠKOLA ZA OSNOVNO I SREDNjE OBRAZOVANjE „IVO LOLA RIBAR”,NA,NA
ŠKOLA ZA OSNOVNO I SREDNjE OBRAZOVANjE SA DOMOM „SVETI SAVA”,NA,NA
MAŠINSKA ŠKOLA „KOSMAJ”,NA,NA
ŠKOLA ZA OSNOVNO I SREDNjE OBRAZOVANjE „ANTON SKALA”,NA,NA
SPECIJALNA ŠKOLA SA DOMOM UČENIKA „BUBANj”,NA,NA
ŠKOLSKI CENTAR SA DOMOM UČENIKA „DOSITEJ OBRADOVIć”,NA,NA
"SREDNjA ŠKOLA ""VUK KARADŽIĆ"" SA DOMOM UČENIKA",NA,NA
MAŠINSKA ŠKOLA,NA,NA
SREDNjA ŠKOLA „NIKOLA TESLA”,NA,NA
SREDNjA ŠKOLA „DRAGAČEVO”,NA,NA
SREDNjA ŠKOLA „17. SEPTEMBAR”,NA,NA
SREDNjA ŠKOLA SVILAJNAC,NA,NA
TEHNIČKA ŠKOLA „MILETA NIKOLIć”,NA,NA
TEHNIČKA ŠKOLA „ZMAJ”,NA,NA
SREDNjA TEHNIČKA ŠKOLA „MILENKO BRZAK UČA”,NA,NA
TEHNIČKA ŠKOLA „MIHAJLO PUPIN”,NA,NA
TEHNIČKA ŠKOLA „IVAN SARIć”,NA,NA
"ŠKOLA ZA BRODARSTVO, BRODOGRADNjU I HIDROGRADNjU",NA,NA
Facutly of Business Studies (unit),NA,NA
Western Serbia Academy of Applied Studies - Valjevo Department,NA,NA
Faculty of Business Economics and Entrepreneurship,NA,NA
International University of Novi Pazar,NA,NA
Singidunum University - unit in Novi Sad,NA,NA
Faculty of Economics and Engineering Management,NA,NA
Faculty of Management,NA,NA
Singidunum University - unit in Niš,NA,NA
Faculty of Health and Business studies,NA,NA
Academy of Vocational Studies Southern Serbia - Department of Leskovac Vocational College,NA,NA
Faculty of Business Economics and Entrepreneurship - unit in Jagodina,NA,NA
Faculty of Business Economics and Entrepreneurship - unit in Loznica,NA,NA
Faculty of Business Economics and Entrepreneurship - unit in Čačak,NA,NA
Faculty of Economics and Engineering Management - unit in Leskovac,NA,NA
Faculty of Applied Sciences,NA,NA
Academy of Applied Studies Belgrade - Tourism College Department,NA,NA
College of Professional Studies - International Center for Professional Studies - ICEPS - unit in Novi Sad,NA,NA
Faculty of Organizational Studies ‟Eduka”,NA,NA
"Business College of Applied Studies “Prof. Radomir Bojković, PhD”",NA,NA
"Faculty of Economics, Subotica - unit in Bujanovac",NA,NA
Academy of Technical-Educational Vocational Studies Niš - Pirot Department,NA,NA
Business College of Applied Studies in Čačak,NA,NA
Faculty of Legal and Business Studies,NA,NA
Faculty of Business Studies,NA,NA
SREDNjA ŠKOLA MALI ZVORNIK,NA,NA
MAČVANSKA SREDNjA ŠKOLA – BOGATIć,NA,NA
EKONOMSKA ŠKOLA „VALjEVO”,NA,NA
EKONOMSKA ŠKOLA,NA,NA
Serbian Ortodox Church College of Art and Conservation,NA,NA
Faculty of Mechanical and Civil Engineering,NA,NA
Faculty of Civil Engineering,NA,NA
Academy of Classical Painting,NA,NA
Faculty of Education,NA,NA
Mihajlo Pupin Technical Faculty,NA,NA
Alfa BK University,NA,NA
Faculty of Law,NA,NA
Department School of Railroad Transport,NA,NA
College of Communication,NA,NA
Hungarian Language Teacher Training Faculty,NA,NA
Faculty of Political Sciences,NA,NA
Faculty of Computing,NA,NA
Academy for Applied Technical Studies Belgrade - Section of Computer and Mechanical Engineering - unit in Valјevo,NA,NA
Information Technology College of Applied Studies,NA,NA
Faculty of Computer Science,NA,NA
Section of Belgrade Polytechnic,NA,NA
Academy of Applied Studies Belgrade - Medical College Department,NA,NA
Academy of Applied Preschool Teaching and Health Studies Kruševac - Ćuprija Department,NA,NA
College of Applied Studies for Criminalistic Studies and Security,NA,NA
Faculty of Legal and Business Studies - unit in Niš,NA,NA
Criminalistic and Police Studies University,NA,NA
University of Niš,NA,NA
POLjOPRIVREDNA ŠKOLA „RADOŠ JOVANOVIć SELjA”,NA,NA
POLjOPRIVREDNO-HEMIJSKA ŠKOLA „DR ĐORĐE RADIć”,NA,NA
SREDNjA POLjOPRIVREDNA ŠKOLA SA DOMOM UČENIKA ŠABAC,NA,NA
POLjOPRIVREDNA ŠKOLA SA DOMOM UČENIKA „LjUBO MIćIć”,NA,NA
POLjOPRIVREDNA ŠKOLA SA DOMOM UČENIKA „SONjA MARINKOVIć”,NA,NA
ŠKOLA SA DOMOM UČENIKA ZA UČENIKE OŠTEćENOG SLUHA I GOVORA „11. MAJ”,NA,NA
POLjOPRIVREDNO-HEMIJSKA ŠKOLA,NA,NA
ŠKOLA ZA OSNOVNO I SREDNjE OBRAZOVANjE „RADIVOJ POPOVIć”,NA,NA
POLjOPRIVREDNA ŠKOLA SA DOMOM UČENIKA – FUTOG,NA,NA
ŠKOLA ZA OSNOVNO I SREDNjE OBRAZOVANjE „BRATSTVO”,NA,NA
ŠKOLA ZA OSNOVNO I SREDNjE OBRAZOVANjE SA DOMOM „VUK KARAdžIć”,NA,NA
OSNOVNA I SREDNjA ŠKOLA „ŽARKO ZRENjANIN”,NA,NA
ŠKOLA ZA OSNOVNO I SREDNjE OBRAZOVANjE „MARA MANDIć”,NA,NA
POLjOPRIVREDNA ŠKOLA „JOSIF PANČIć”,NA,NA
SREDNjA STRUČNA ŠKOLA „VASA PELAGIć”,NA,NA
SREDNjA POLjOPRIVREDNA ŠKOLA,NA,NA
Military Academy,NA,NA
GRAĐEVINSKA ŠKOLA,NA,NA
Faculty of Geography,NA,NA
Technical College of Applied Studies,NA,NA
"Department of Textile School for Design, Technology and Management",NA,NA
Academy of Vocational Studies Southern Serbia - Department of Technology and Art,NA,NA
Faculty of Social Sciences,NA,NA
Academy for Applied Technical Studies Belgrade,NA,NA
Faculty of Security Studies,NA,NA
MUZIČKA ŠKOLA „STEVAN HRISTIć”,NA,NA
MUZIČKA ŠKOLA „VOJISLAV LALE STEFANOVIć”,NA,NA
ŠKOLA ZA OSNOVNO I SREDNjE MUZIČKO OBRAZOVANjE „STEVAN MOKRANjAC”,NA,NA
MUZIČKA ŠKOLA „DR MILOJE MILOJEVIć”,NA,NA
MUZIČKA ŠKOLA „KOSTA MANOJLOVIć”,NA,NA
MUZIČKA ŠKOLA „PETAR KONjOVIć”,NA,NA
MUZIČKA ŠKOLA „JOSIF MARINKOVIć”,NA,NA
New Academy of Arts,NA,NA
GIMNAZIJA „SVETOZAR MARKOVIć”,NA,NA
PRVA NIŠKA GIMNAZIJA „STEVAN SREMAC”,NA,NA
GIMNAZIJA „BORA STANKOVIć”,NA,NA
ALEKSINAČKA GIMNAZIJA,NA,NA
GIMNAZIJA,NA,NA
KURŠUMLIJSKO-PODUJEVSKA GIMNAZIJA,NA,NA
GIMNAZIJA PIROT,NA,NA
GIMNAZIJA „JOVAN SKERLIć”,NA,NA
GIMNAZIJA „STEVAN JAKOVLjEVIć”,NA,NA
KNjAŽEVAČKA GIMNAZIJA,NA,NA
NEGOTINSKA GIMNAZIJA,NA,NA
GIMNAZIJA „TAKOVSKI USTANAK”,NA,NA
GIMNAZIJA „VUK KARAdžIć”,NA,NA
ŠABAČKA GIMNAZIJA,NA,NA
VALjEVSKA GIMNAZIJA,NA,NA
UŽIČKA GIMNAZIJA,NA,NA
PRIJEPOLjSKA GIMNAZIJA,NA,NA
GIMNAZIJA PRIBOJ,NA,NA
GIMNAZIJA „SVETI SAVA”,NA,NA
GIMNAZIJA „JOSIF PANČIć”,NA,NA
PALANAČKA GIMNAZIJA,NA,NA
GIMNAZIJA VELIKA PLANA,NA,NA
POŽAREVAČKA GIMNAZIJA,NA,NA
PRVA KRAGUJEVAČKA GIMNAZIJA,NA,NA
DRUGA KRAGUJEVAČKA GIMNAZIJA,NA,NA
GIMNAZIJA „MILOŠ SAVKOVIć”,NA,NA
TRINAESTA BEOGRADSKA GIMNAZIJA,NA,NA
PRVA BEOGRADSKA GIMNAZIJA,NA,NA
ČETVRTA BEOGRADSKA GIMNAZIJA,NA,NA
GIMNAZIJA „PATRIJARH PAVLE”,NA,NA
PETA BEOGRADSKA GIMNAZIJA,NA,NA
GIMNAZIJA U OBRENOVCU,NA,NA
DEVETA GIMNAZIJA „MIHAILO PETROVIć ALAS”,NA,NA
ZEMUNSKA GIMNAZIJA,NA,NA
ŠESTA BEOGRADSKA GIMNAZIJA,NA,NA
SEDMA BEOGRADSKA GIMNAZIJA,NA,NA
ČETRNAESTA BEOGRADSKA GIMNAZIJA,NA,NA
TREćA BEOGRADSKA GIMNAZIJA,NA,NA
OSMA BEOGRADSKA GIMNAZIJA,NA,NA
GIMNAZIJA „SAVA ŠUMANOVIć”,NA,NA
MITROVAČKA GIMNAZIJA,NA,NA
GIMNAZIJA „STEVAN PUZIć”,NA,NA
GIMNAZIJA „ISIDORA SEKULIć”,NA,NA
GIMNAZIJA „ŽARKO ZRENjANIN”,NA,NA
GIMNAZIJA „20. OKTOBAR”,NA,NA
GIMNAZIJA „VELjKO PETROVIć”,NA,NA
GIMNAZIJA „UROŠ PREDIć”,NA,NA
GIMNAZIJA „BORISLAV PETROV BRACA”,NA,NA
ZRENjANINSKA GIMNAZIJA,NA,NA
SENćANSKA GIMNAZIJA,NA,NA
GIMNAZIJA „DUŠAN VASILjEV”,NA,NA
UMETNIČKA ŠKOLA,NA,NA
Faculty of Forestry,NA,NA
Academy of Technical-Educational Vocational Studies Niš - Vranje Department,NA,NA
"Department for medical, business and technological studies",NA,NA
College of academic studies ”Dositej”,NA,NA
"SREDNJA STRUČNA ŠKOLA ZA UGOSTITELJSTVO, TURIZAM I EKONOMIJU ""UTE""",NA,NA
EKONOMSKA ŠKOLA NIŠ – DELATNOST VAN SEDIŠTA,NA,NA
TEHNIČKA ŠKOLA „PROTA STEVAN DIMITRIJEVIć”,NA,NA
EKONOMSKA ŠKOLA PIROT,NA,NA
SREDNjA STRUČNA ŠKOLA „MILUTIN BOJIć”,NA,NA
EKONOMSKO-TRGOVINSKA ŠKOLA,NA,NA
EKONOMSKA ŠKOLA „ĐUKA DINIć”,NA,NA
SREDNjA ŠKOLA „KRALjICA JELENA”,NA,NA
EKONOMSKO-TRGOVAČKA ŠKOLA „KNjAZ MILOŠ”,NA,NA
EKONOMSKO-TRGOVINSKA ŠKOLA KRUŠEVAC – DELATNOST VAN SEDIŠTA,NA,NA
EKONOMSKA ŠKOLA „STANA MILANOVIć”,NA,NA
SREDNjA EKONOMSKA ŠKOLA,NA,NA
SREDNjA ŠKOLA MLADOST,NA,NA
POLjOPRIVREDNO-VETERINARSKA ŠKOLA SA DOMOM UČENIKA,NA,NA
EKONOMSKO-TRGOVINSKA ŠKOLA „SLAVKA ĐURĐEVIć”,NA,NA
PRVA EKONOMSKA ŠKOLA,NA,NA
PETA EKONOMSKA ŠKOLA „RAKOVICA”,NA,NA
EKONOMSKA ŠKOLA „NADA DIMIć”,NA,NA
DRUGA EKONOMSKA ŠKOLA,NA,NA
EKONOMSKO-TRGOVINSKA ŠKOLA „VUK KARAdžIć”,NA,NA
EKONOMSKA ŠKOLA „9. MAJ”,NA,NA
SREDNjA STRUČNA ŠKOLA „BRANKO RADIČEVIć”,NA,NA
SREDNjA ŠKOLA „DR ĐORĐE NATOŠEVIć”,NA,NA
SREDNjA ŠKOLA „SVETOZAR MILETIć”,NA,NA
SREDNjA STRUČNA ŠKOLA „RADIVOJ UVALIć”,NA,NA
GIMNAZIJA I EKONOMSKA ŠKOLA „JOVAN JOVANOVIć ZMAJ”,NA,NA
EKONOMSKA SREDNjA ŠKOLA „BOSA MILIćEVIć”,NA,NA
EKONOMSKO-TRGOVINSKA ŠKOLA „PAJA MARGANOVIć”,NA,NA
GIMNAZIJA I EKONOMSKA ŠKOLA „BRANKO RADIČEVIć”,NA,NA
BELOCRKVANSKA GIMNAZIJA I EKONOMSKA ŠKOLA,NA,NA
EKONOMSKO-TRGOVINSKA ŠKOLA „DOSITEJ OBRADOVIć”,NA,NA
SREDNjA ŠKOLA „ĐURA JAKŠIć”,NA,NA
EKONOMSKO-TRGOVINSKA ŠKOLA „JOVAN TRAJKOVIć”,NA,NA
Section of Applied Engineering Sciences Požarevac,NA,NA
Technical  College of Applied Studies,NA,NA
ELEKTRO-SAOBRAćAJNA ŠKOLA „NIKOLA TESLA”,NA,NA
SREDNjA TEHNIČKA ŠKOLA,NA,NA
TEHNIČKA ŠKOLA „15. MAJ”,NA,NA
ŠKOLSKI CENTAR „NIKOLA TESLA”,NA,NA
ELEKTROTEHNIČKA ŠKOLA „STARI GRAD”,NA,NA
MAŠINSKA ŠKOLA „RADOJE DAKIć”,NA,NA
ELEKTROTEHNIČKA ŠKOLA „RADE KONČAR”,NA,NA
SREDNjA ŠKOLA „NIKETA REMEZIJANSKI” SA DOMOM UČENIKA,NA,NA
MAŠINSKO-ELEKTROTEHNIČKA ŠKOLA „GOŠA”,NA,NA
GIMNAZIJA „MIHAJLO PUPIN”,NA,NA
SREDNjA TEHNIČKA ŠKOLA „ŠINKOVIć JOŽEF”,NA,NA
SREDNjA TEHNIČKA PTT ŠKOLA,NA,NA
ŽELEZNIČKA TEHNIČKA ŠKOLA,NA,NA
Faculty of Occupational Safety,NA,NA
Academy of Vocational Studies Šumadija - Kragujevac Department,NA,NA
Faculty of Engineering Management - unit in Vrbas,NA,NA
Faculty of Engineering Management - unit in Vranje,NA,NA
Faculty of Information Technologies and Engineering,NA,NA
Technical Faculty,NA,NA
Faculty of International Engineering Management,NA,NA
Faculty of Mechanical Engineering,NA,NA
Faculty of Philology and Arts,NA,NA
Faculty of Applied Ecology,NA,NA
Faculty of Mining and Geology,NA,NA
"Section of Traffic, Mechanical Engineering and Safety Engineering",NA,NA
Academy of Vocational Studies Šumadija - Kruševac Department,NA,NA
MEDICINSKA ŠKOLA „DR MILENKO HAdžIć”,NA,NA
MEDICINSKA ŠKOLA „DR IZABEL EMSLI HATON”,NA,NA
MEDICINSKA ŠKOLA,NA,NA
MEDICINSKA ŠKOLA „DR ANDRA JOVANOVIć”,NA,NA
MEDICINSKA ŠKOLA „DR MIŠA PANTIć”,NA,NA
TEHNOLOŠKA ŠKOLA,NA,NA
FARMACEUTSKO-FIZIOTERAPEUTSKA ŠKOLA,NA,NA
MEDICINSKA ŠKOLA „DRAGINjA NIKŠIć”,NA,NA
MEDICINSKA ŠKOLA „7. APRIL”,NA,NA
SREDNjA MEDICINSKA ŠKOLA „DR RUŽICA RIP”,NA,NA
SREDNjA MEDICINSKA ŠKOLA,NA,NA
HEMIJSKO-MEDICINSKA ŠKOLA,NA,NA
FILOLOŠKA GIMNAZIJA,NA,NA
Belgrade Business School - Department of Business and Information Studies - unit in Sremska Mitrovica,NA,NA
Belgrade Business and Arts Academy of Applied Studies,NA,NA
Toplica Academy of Applied Studies - Department of Business Studies Blace - unit in Jagodina,NA,NA
Academy of Business Economics,NA,NA
PRAVNO-POSLOVNA ŠKOLA,NA,NA
KURŠUMLIJSKO-PODUJEVSKA EKONONOMSKO-TEHNIČKA ŠKOLA,NA,NA
STRUČNA ŠKOLA „SVETI SAVA”,NA,NA
SREDNjA ŠKOLA „BRANISLAV NUŠIć”,NA,NA
EKONOMSKO-TRGOVINSKA I MAŠINSKA ŠKOLA,NA,NA
TEHNIČKA ŠKOLA „MILENKO VERKIć NEŠA”,NA,NA
SREDNjA ŠKOLA „LUKIJAN MUŠICKI”,NA,NA
EKONOMSKO-UGOSTITELjSKA ŠKOLA „SLOBODAN MINIć”,NA,NA
TEHNIČKA ŠKOLA „BOŠKO KRSTIć”,NA,NA
Faculty of Fine Arts,NA,NA
TEHNOART BEOGRAD – ŠKOLA ZA MAŠINSTVO I UMETNIČKE ZANATE,NA,NA
MEDICINSKA ŠKOLA BEOGRAD,NA,NA
MEDICINSKA ŠKOLA „DANILO DIMITRIJEVIć”,NA,NA
Faculty of Physical Chemistry,NA,NA
GRAFIČKA ŠKOLA,NA,NA
ŠKOLA ZA OSNOVNO I SREDNjE OBRAZOVANjE „JELENA VARJAŠKI”,NA,NA
TEHNIČKA ŠKOLA ZA DIZAJN KOŽE,NA,NA
Metropolitan University - unit in Niš,NA,NA
Academy of Applied Studies Belgrade - College of Hotel Management,NA,NA
Faculty of Hotel Management and Tourism,NA,NA
University of Novi Sad,NA,NA
TEHNIČKA ŠKOLA SA DOMOM UČENIKA „MILENTIJE POPOVIć”,NA,NA
GEODETSKA TEHNIČKA ŠKOLA,NA,NA
GEOLOŠKA I HIDROMETEOROLOŠKA ŠKOLA „MILUTIN MILANKOVIć”,NA,NA
MEDICINSKA ŠKOLA „DR ALEKSA SAVIć”,NA,NA
GRAĐEVINSKO-TEHNIČKA ŠKOLA „BRANKO ŽEŽELj”,NA,NA
Faculty of Arts,NA,NA
College of Applied Studies - International Center for Professional Studies - ICEPS,NA,NA
Preschool Teacher and Sport Coach Training College of Applied Studies,NA,NA
Milutin Milankovic Medical College of Applied Studies,NA,NA
Preschool Teacher and Sport Coach Training College of Applied Studies - unit in Tutin,NA,NA
"College of Applied Studies ""Medika""",NA,NA
PREHRAMBENO-HEMIJSKA ŠKOLA,NA,NA
HEMIJSKO-TEHNOLOŠKA ŠKOLA „BOŽIDAR ĐORĐEVIć KUKAR”,NA,NA
HEMIJSKO-PREHRAMBENA SREDNjA ŠKOLA,NA,NA
STRUČNA HEMIJSKA I TEKSTILNA ŠKOLA,NA,NA
TEHNIČKA ŠKOLA „PAVLE SAVIć”,NA,NA
HEMIJSKO-PREHRAMBENA TEHNOLOŠKA ŠKOLA,NA,NA
SREDNjA ŠKOLA DRAGAČEVO – IZDVOJENO ODELjENjE LUČANI,NA,NA
Academy of Vocational Studies Šumadija - Trstenik Department,NA,NA
BALETSKA ŠKOLA U NOVOM SADU,NA,NA
BALETSKA ŠKOLA „DIMITRIJE PARLIć”,NA,NA
BALETSKA ŠKOLA „LUJO DAVIČO”,NA,NA
Section of Computer and Mechanical Engineering,NA,NA
Faculty of Information Technologies,NA,NA
European Faculty ''KALLOS'',NA,NA
Faculty of Project and Innovation Management,NA,NA
"Faculty of Law, Security and Management - unit in Belgrade",NA,NA
ŠKOLA ZA OSNOVNO I SREDNjE OBRAZOVANjE „VUKAŠIN MARKOVIć”,NA,NA
UGOSTITELjSKO-TURISTIČKA ŠKOLA,NA,NA
TRGOVINSKO-UGOSTITELjSKA ŠKOLA,NA,NA
UGOSTITELjSKO-TURISTIČKA ŠKOLA SA DOMOM UČENIKA,NA,NA
SREDNjA ŠKOLA MIONICA,NA,NA
EKONOMSKO-UGOSTITELjSKA ŠKOLA „VUK KARAdžIć”,NA,NA
TRGOVINSKO-UGOSTITELjSKA ŠKOLA „TOZA DRAGOVIć”,NA,NA
MEDICINSKA ŠKOLA „NADEŽDA PETROVIć”,NA,NA
ŠKOLA MODE I LEPOTE,NA,NA
SREDNjA TURISTIČKA ŠKOLA,NA,NA
SREDNjA ŠKOLA „SVETOZAR KRSTIć TOZA”,NA,NA
SREDNjA STRUČNA ŠKOLA „BORISLAV MIHAJLOVIć MIHIZ”,NA,NA
PREHRAMBENO-UGOSTITELjSKA ŠKOLA,NA,NA
GIMNAZIJA „JAN KOLAR” SA DOMOM UČENIKA,NA,NA
TEHNIČKA ŠKOLA SA DOMOM UČENIKA,NA,NA
SREDNjA ŠKOLA „MILOJE VASIć”,NA,NA
SREDNjA ŠKOLA „DOSITEJ OBRADOVIć”,NA,NA
POLjOPRIVREDNA ŠKOLA „VRŠAC”,NA,NA
Faculty of Philology,NA,NA
Faculty of European Legal and Political Studies,NA,NA
Faculty of Business Studies and Law,NA,NA
ŠKOLA ZA DIZAJN,NA,NA
UMETNIČKA ŠKOLA U KRALjEVU,NA,NA
ŠKOLA ZA TEKSTIL I DIZAJN,NA,NA
GIMNAZIJA SA DOMOM UČENIKA ZA TALENTOVANE UČENIKE „BOLjAI”,NA,NA
ŠKOLA ZA DIZAJN „BOGDAN ŠUPUT”,NA,NA
TEHNIČKA ŠKOLA „DRVO ART”,NA,NA
Faculty of Special Education and Rehabilitation,NA,NA
SREDNjA ŠKOLA „SVETI SAVA”,NA,NA
STRUČNA ŠKOLA „DUŠAN TRIVUNAC DRAGOŠ”,NA,NA
„POLITEHNIKA” – ŠKOLA ZA NOVE TEHNOLOGIJE,NA,NA
TEHNIČKA ŠKOLA NOVI BEOGRAD,NA,NA
SREDNjA ŠKOLA „SVETI TRIFUN” SA DOMOM UČENIKA,NA,NA
Academy of Vocational Studies Šumadija - Trstenik Department - unit in Priboj,NA,NA
Academy for Applied Technical Studies Belgrade - unit in Valjevo,NA,NA
SREDNjA ŠKOLA „ŽIKICA DAMNjANOVIć”,NA,NA
MEDICINSKA ŠKOLA „STEVICA JOVANOVIć”,NA,NA
MEDICINSKA ŠKOLA SA DOMOM UČENIKA „SESTRE NINKOVIć”,NA,NA
POLjOPRIVREDNA ŠKOLA SA DOMOM UČENIKA PKB,NA,NA
POLjOPRIVREDNA ŠKOLA SA DOMOM UČENIKA VALjEVO,NA,NA
SREDNjA POLjOPRIVREDNO-PREHRAMBENA ŠKOLA „STEVAN PETROVIć BRILE”,NA,NA
TEKSTILNO-TEHNOLOŠKA I POLjOPRIVREDNA ŠKOLA „DESPOT ĐURAĐ”,NA,NA
HEMIJSKO-PREHRAMBENA I TEKSTILNA ŠKOLA „UROŠ PREDIć”,NA,NA
POLjOPRIVREDNA ŠKOLA,NA,NA
PREHRAMBENO-ŠUMARSKA I HEMIJSKA ŠKOLA,NA,NA
POLjOPRIVREDNO-VETERINARSKA ŠKOLA SA DOMOM UČENIKA SVILAJNAC,NA,NA
ŠKOLA ZA DIZAJN TEKSTILA,NA,NA
"Business College of Applied Studies ""Business""",NA,NA
GIMNAZIJA I EKONOMSKA ŠKOLA „SVETOZAR MILETIć”,NA,NA
ŠKOLA ZA NEGU LEPOTE,NA,NA
MUZIČKA ŠKOLA „STANISLAV BINIČKI”,NA,NA
MUZIČKA ŠKOLA „STANKOVIć”,NA,NA
MUZIČKA ŠKOLA – SUBOTICA,NA,NA
MUZIČKA ŠKOLA,NA,NA
UMETNIČKA ŠKOLA „STEVAN MOKRANjAC”,NA,NA
MUZIČKA ŠKOLA „VATROSLAV LISINSKI”,NA,NA
MUZIČKA ŠKOLA „ISIDOR BAJIć”,NA,NA
MUZIČKA ŠKOLA „MARKO TAJČEVIć”,NA,NA
MUZIČKA ŠKOLA „PETAR KRANČEVIć”,NA,NA
MUZIČKA ŠKOLA „DR VOJISLAV VUČKOVIć”,NA,NA
MUZIČKA ŠKOLA „MOKRANjAC”,NA,NA
MUZIČKA ŠKOLA „MIHAILO VUKDRAGOVIć”,NA,NA
ŠKOLA ZA MUZIČKE TALENTE,NA,NA
MUZIČKA ŠKOLA „DAVORIN JENKO”,NA,NA
MUZIČKA ŠKOLA „JOSIP SLAVENSKI”,NA,NA
MUZIČKA ŠKOLA „JOVAN BANDUR”,NA,NA
MUZIČKA ŠKOLA „ŽIVORAD GRBIć”,NA,NA
MUZIČKA ŠKOLA „STEVAN MOKRANjAC”,NA,NA
Academy for National Security,NA,NA
Technical College of Maritime Academic Studies,NA,NA
SAOBRAćAJNA ŠKOLA „PINKI”,NA,NA
St. Vasilije Ostroski College of Medicine,NA,NA
Department of Teacher Training and Nursing Teacher Education,NA,NA
Academy of Applied Preschool Teaching and Health Studies Kruševac - Kruševac Department,NA,NA
College of Professional Studies - International Center for Professional Studies - ICEPS - unit in Leskovac,NA,NA
College of Professional Studies - International Center for Professional Studies - ICEPS - unit in Jagodina,NA,NA
College of Professional Studies - International Center for Professional Studies - ICEPS - unit in Vršac,NA,NA
College of Professional Studies - International Center for Professional Studies - ICEPS - unit in Kraljevo,NA,NA
College of Applied Studies for Medicine and Hygiene ‘’Visan”,NA,NA
KARLOVAČKA GIMNAZIJA,NA,NA
GIMNAZIJA ZA TALENTOVANE UČENIKE „DEŽE KOSTOLANjI”,NA,NA
GIMNAZIJA „JOVAN JOVANOVIć ZMAJ”,NA,NA
MATEMATIČKA GIMNAZIJA,NA,NA
College of Social Work,NA,NA
POLjOPRIVREDNA ŠKOLA SA DOMOM UČENIKA „RAJKO BOSNIć”,NA,NA
MLEKARSKA ŠKOLA SA DOMOM UČENIKA „DR OBREN PEJIć”,NA,NA
ŠUMARSKA ŠKOLA SA DOMOM UČENIKA,NA,NA
SREDNjA ŠKOLA „MILOJE VASIć” VELIKO GRADIŠTE (DELATNOST VAN SEDIŠTA – GOLUBAC),NA,NA
GIMNAZIJA I EKONOMSKA ŠKOLA „DOSITEJ OBRADOVIć”,NA,NA
GIMNAZIJA „BRANISLAV PETRONIJEVIć”,NA,NA
GIMNAZIJA „LAZA KOSTIć”,NA,NA
GIMNAZIJA „SVETI KIRILO I METODIJE”,NA,NA
GIMNAZIJA „MILE ARSENIJEVIć BANDERA”,NA,NA
DESETA GIMNAZIJA „MIHAJLO PUPIN”,NA,NA
GIMNAZIJA „JEZDIMIR LOVIć”,NA,NA
GIMNAZIJA „DEVETI MAJ”,NA,NA
GIMNAZIJA „BRANKO RADIČEVIć”,NA,NA
GIMNAZIJA „SKENDERBEU”,NA,NA
SPORTSKA GIMNAZIJA,NA,NA
OSNOVNA I SREDNjA ŠKOLA SA DOMOM UČENIKA „PETRO KUZMJAK”,NA,NA
GIMNAZIJA „NIKOLA TESLA”,NA,NA
DVANAESTA BEOGRADSKA GIMNAZIJA,NA,NA
ŠKOLA ZA UČENIKE OŠTEćENOG VIDA „VELjKO RAMADANOVIć”,NA,NA
Faculty of Teacher Education in Užice,NA,NA
SREDNjA POLjOPRIVREDNO-PREHRAMBENA ŠKOLA,NA,NA
POLjOPRIVREDNA ŠKOLA „ŠUMATOVAC”,NA,NA
Faculty of Pharmacy - unit in Nis,NA,NA
Faculty of Sport and Physical Education,NA,NA
Faculty of Sports and Physical Education,NA,NA
OBRAZOVNO-VASPITNI CENTAR,NA,NA
ŠKOLA SA DOMOM ZA UČENIKE OŠTEćENOG SLUHA,NA,NA
POLjOPRIVREDNO-ŠUMARSKA ŠKOLA „JOSIF PANČIć”,NA,NA
SREDNjA POLjOPRIVREDNO-VETERINARSKA ŠKOLA „STEVAN SINĐELIć”,NA,NA
ŠKOLA ZA OSNOVNO I SREDNjE OBRAZOVANjE „1. NOVEMBAR”,NA,NA
PRAVNO-POSLOVNA ŠKOLA BEOGRAD,NA,NA
PRAVNO-BIROTEHNIČKA ŠKOLA „DIMITRIJE DAVIDOVIć”,NA,NA
Academy of Applied Preschool Teaching and Health Studies Krusevac - Aleksinac Department,NA,NA
Teacher Training Faculty,NA,NA
Preschool Teacher Training College,NA,NA
Academy of Vocational Studies Southern Serbia - Department of Bujanovac Preschool Teacher Training College,NA,NA
"Preschool Teacher Training and Business Informatics College of Applied Studies ""Sirmium""",NA,NA
"Preschool Teacher Training and Business Informatics College of Applied Studies ""Sirmium"" - unit in Čačak",NA,NA
Faculty of Teacher Training - unit in Novi Pazar,NA,NA
Faculty of Teacher Training - unit in Vršac,NA,NA
"Faculty of Law, Public Service and Security",NA,NA
Faculty of Orthodox Theology,NA,NA
Academy of Vocational Studies Šumadija - Trstenik Department - unit in Bor,NA,NA
Faculty of Sports,NA,NA
Faculty of Sport Management,NA,NA
College of Sports and Health - Vocational Studies,NA,NA
ZUBOTEHNIČKA ŠKOLA,NA,NA
Educons University - unit in Tutin,NA,NA
Teacher Training Faculty - unit in Negotin,NA,NA
SREDNjA GRAĐEVINSKA I DRVOPRERAĐIVAČKA STRUČNA ŠKOLA,NA,NA
Faculty of Economics and Engineering Management - unit in Belgrade,NA,NA
"Faculty of Law, Security and Management ""Konstantin the Great""",NA,NA
Faculty of Transport and Traffic Engineering,NA,NA
Department of Medical Studies Prokuplje,NA,NA
"College of Applied Studies ""Medika"" - unit in Krusevac",NA,NA
"Preschool Teacher Training College ""Mihailo Palov"" in Vrsac",NA,NA
Preschool Teacher Training College of Applied Studies,NA,NA
New University Faculty of Slovenian and International Studies,NA,NA
"University of Primorska Faculty of Mathematics, Natural Sciences and Information technologies",NA,NA
University of Primorska Faculty of Management,NA,NA
"University of Ljubljana, School of Economics and Business",NA,NA
"University of Maribor, Faculty of Logistics",NA,NA
"University of Maribor, Faculty of Organizational sciences",NA,NA
"University of Maribor, Faculty of Economics and Business",NA,NA
"University of Nova Gorica, School of Science",NA,NA
"ALMA MATER EUROPAEA, Academy of dance",NA,NA
"ALMA MATER EUROPAEA, European Centre, Maribor",NA,NA
"GEA College, Faculty of Entrepreneurship",NA,NA
MLC Management and law college Ljubljana,NA,NA
"University of Primorska, Faculty of Turism Studies – Turistica",NA,NA
"University of Maribor, Faculty of Tourism",NA,NA
College of hospitality and tourism management Bled,NA,NA
Faculty for transport and logistics,NA,NA
"University of Primorska, Faculty of Humanities",NA,NA
"University of Ljubljana, Faculty of Natural Sciences and Engineering",NA,NA
IBS International Business School Ljubljana,NA,NA
The Landscape Governance College,NA,NA
Academy of visual arts AVA,NA,NA
ERUDIO International School,NA,NA
NOA,NA,NA
"ALMA MATER EUROPEA, Environmental Studies",NA,NA
"ALMA MATER EUROPEA, Business Studies",NA,NA
"ALMA MATER EUROPEA, Health Science",NA,NA
"Alma Mater Europaea, Faculty for humanities studies, Institutum Studiorum Humanitatis, Ljubljana",NA,NA
Euro-Mediterranean University,NA,NA
"IEDC – Bled School of Management, Postgraduate Studies",NA,NA
"MLC Management and law college, Ljubljana",NA,NA
"New University, European Faculty of Law",NA,NA
"New University, Faculty of Government and European Studies",NA,NA
"New University, Faculty of Slovenian and International Studies",NA,NA
"University of Primorska, Faculty of Management",NA,NA
"University of Primorska Faculty of Mathematics, Natural Sciences and Information Technologies",NA,NA
"University of Ljubljana, Faculty of Social Sciences",NA,NA
"University of Ljubljana, Faculty of Electrical Engineering",NA,NA
"University of Ljubljana, Faculty of Pharmacy",NA,NA
"University of Ljubljana, Faculty of Computer and Information Science",NA,NA
"University of Ljubljana, Faculty of Public Administration",NA,NA
"University of Ljubljana, Faculty of Arts",NA,NA
"University of Ljubljana, Faculty of Law",NA,NA
"University of Maribor, Faculty of Law",NA,NA
"University of Nova Gorica, School of Arts",NA,NA
"University of Nova Gorica, School of Humanities",NA,NA
"University of Nova Gorica, School for Viticulture and Enology",NA,NA
"University of Nova Gorica, School of Environmental Sciences",NA,NA
"University of Nova Gorica, School of Engineering and Management",NA,NA
AVA – The Academy of Visual Arts,NA,NA
Faculty of organisation studies,NA,NA
The Faculty of Information Studies,NA,NA
GEA College,NA,NA
IBS International Business programme Ljubljana,NA,NA
Jožef Stefan International Postgraduate School,NA,NA
ALMA MATER EUROPAEA,NA,NA
Jožef Stefan International Postgraduate School (IPS),NA,NA
"University of Primorska, Faculty of Mathematics, Natural Sciences and Information Technologies",NA,NA
University of Ljubljana,NA,NA
"University of Ljubljana, Academy of Music",NA,NA
"University of Ljubljana, Academy of Theatre, Radio, Film and Television",NA,NA
"University of Ljubljana, Academy of Fine Arts and Design",NA,NA
"University of Ljubljana, Biotechnical Faculty",NA,NA
"University of Ljubljana, Faculty of Architecture",NA,NA
"University of Ljubljana, Faculty of Civil and Geodetic Engineering",NA,NA
"University of Ljubljana, Faculty of Chemistry and Chemical Technology",NA,NA
"University of Ljubljana, Faculty of Social Work",NA,NA
"University of Ljubljana, Faculty of Sport",NA,NA
"University of Ljubljana, Faculty of Education",NA,NA
"University of Ljubljana, Theological Faculty",NA,NA
University of Ljubljana Faculty of Law,NA,NA
"University of Nova Gorica, Graduate School",NA,NA
"DOBA, Business School",NA,NA
International School for Business and Social Studies,NA,NA
UNIVERSIDAD EUROPEA DEL ATLÁNTICO,NA,NA
UNIVERSIDAD SAN JORGE,NA,NA
UNIVERSIDAD DE BURGOS,NA,NA
UNIVERSITAT DE BARCELONA,NA,NA
UNIVERSIDAD DE COMILLAS,NA,NA
UNIVERSIDAD DE ALICANTE,NA,NA
UNIVERSITAT POLITECNICA VALENCIA,NA,NA
UNIVERSIDAD DE CANTABRIA,NA,NA
UNIVERSIDAD DE SANTIAGO DE COMPOSTELA,NA,NA
UNIVERSIDAD DE ZARAGOZA,NA,NA
UNIVERSIDAD DE LA RIOJA,NA,NA
UNIVERSIDAD DE ALMERÍA,NA,NA
UNIVERSIDAD DE MÁLAGA,NA,NA
UNIVERSIDAD EUROPEA DE MADRID,NA,NA
UNIVERSITAT VIC-UCC,NA,NA
UNIVERSIDAD PABLO DE OLAVIDE,NA,NA
UNIVERSITAT POMPEU FABRA,NA,NA
UNIVERSITAT ROVIRA I VIRGILI,NA,NA
UNIVERSIDAD CARLOS III,NA,NA
UNIVERSIDAD DE SALAMANCA,NA,NA
UNIVERSITAT DE LLEIDA,NA,NA
UNIVERSITAT POLITECNICA DE CATALUNYA,NA,NA
UNIVERSIDAD MIGUEL HERNANDEZ,NA,NA
UNIVERSIDAD CATÓLICA DE VALENCIA-SAN VICENTE MÁRTIR,NA,NA
UNIVERSIDAD DE VIGO,NA,NA
UNIVERSIDAD DE OVIEDO,NA,NA
UNIVERSIDAD EUROPEA DE VALENCIA,NA,NA
UNIVERSIDAD PÚBLICA DE NAVARRA,NA,NA
UNIVERSIDAD DE LA CORUÑA,NA,NA
CEU San Pablo,NA,NA
UNIVERSIDAD CARDENAL HERRERA - CEU,NA,NA
UNIVERSITAT ABAT OLIBA - CEU,NA,NA
UNIVERSIDAD POLITECNICA DE MADRID,NA,NA
UNIVERSIDAD DE SEVILLA,NA,NA
UNIVERSIDAD CATÓLICA DE MURCIA,NA,NA
IE UNIVERSITY,NA,NA
Universidad de la Rioja,NA,NA
Universidad Católica de Ávila,NA,NA
Universidad de Barcelona,NA,NA
Universidad Pontificia de Comillas,NA,NA
Universidad de Girona,NA,NA
Universidad Autonóma de Madrid,NA,NA
Universidad de Miguel Hernández,NA,NA
Universidad Politécnica de Valencia,NA,NA
Universidad de Cantabria,NA,NA
Universidad Rey Juan Carlos I,NA,NA
Universidad de Zaragoza,NA,NA
Universidad de Almería,NA,NA
Universidad de Málaga,NA,NA
Universidad Europea de Madrid,NA,NA
UVic-UCC,NA,NA
Universidad Europea de Valencia,NA,NA
SALAMANCA,NA,NA
PABLO DE OLAVIDE,NA,NA
Universitat  de Girona,NA,NA
San Pablo CEU,NA,NA
POMPEU FABRA UNIVERSITY,NA,NA
ROVIRA I VIRGIL,NA,NA
Carlos III de Madrid,NA,NA
PAIS VASCO,NA,NA
LLEIDA,NA,NA
POLITECNICA CATALUÑA,NA,NA
MIGUEL HERNANDEZ,NA,NA
VIGO,NA,NA
OVIEDO,NA,NA
EUROPEA DE VALENCIA,NA,NA
PÚBLICA DE NAVARRA,NA,NA
CORUÑA,NA,NA
POLITECNICA MADRID,NA,NA
SEVILLA,NA,NA
Católica de Murcia,NA,NA
Castilla la Mancha,NA,NA
Swedish University of Agricultural Sciences,NA,NA
Linnaeus University (Kalmar Växjö),NA,NA
Karlstad University,NA,NA
Luleå University of Technology,NA,NA
Lund University,NA,NA
Umeå University,NA,NA
Chalmers University of Technology,NA,NA
University College of Music Education in Stockholm,NA,NA
University of Gothenburg,NA,NA
Stockholm University of the Arts,NA,NA
Beckmans college of design,NA,NA
Mälardalen University,NA,NA
Royal College of Music in Stockholm,NA,NA
Uppsala University,NA,NA
Linköping University,NA,NA
Jönköping University,NA,NA
University of Borås,NA,NA
Stockholm School of Economics,NA,NA
Stockholm University,NA,NA
University of Skövde,NA,NA
Södertörn University,NA,NA
Kristianstad University,NA,NA
KTH Royal Institute of Technology,NA,NA
Dalarna University,NA,NA
Malmö University,NA,NA
Halmstad University,NA,NA
Örebro University,NA,NA
Karolinska Institutet,NA,NA
Mid Sweden University,NA,NA
University West,NA,NA
University of Gävle,NA,NA
University College Stockholm,NA,NA
Swedish Defence University,NA,NA
ISTANBUL UNIVERSITY,NA,NA
ISTANBUL TECHNICAL UNIVERSITY,NA,NA
ANKARA UNIVERSITY,NA,NA
EGE UNIVERSITY,NA,NA
KARADENIZ TECHNICAL UNIVERSITY,NA,NA
MIDDLE EAST TECHNICAL UNIVERSITY,NA,NA
ATATURK UNIVERSITY,NA,NA
HACETTEPE UNIVERSITY,NA,NA
BOGAZICI UNIVERSITY,NA,NA
ANADOLU UNIVERSITY,NA,NA
DICLE UNIVERSITY,NA,NA
CUKUROVA UNIVERSITY,NA,NA
SIVAS CUMHURIYET UNIVERSITY,NA,NA
INONU UNIVERSITY,NA,NA
SELCUK UNIVERSITY,NA,NA
FIRAT UNIVERSITY,NA,NA
ONDOKUZ MAYIS UNIVERSITY,NA,NA
BURSA ULUDAG UNIVERSITY,NA,NA
MARMARA UNIVERSITY,NA,NA
AKDENIZ UNIVERSITY,NA,NA
DOKUZ EYLUL UNIVERSITY,NA,NA
TRAKYA UNIVERSITY,NA,NA
ERCIYES UNIVERSITY,NA,NA
VAN YUZUNCU YIL UNIVERSITY,NA,NA
GAZI UNIVERSITY,NA,NA
YILDIZ TECHNICAL UNIVERSITY,NA,NA
MIMAR SINAN FINE ARTS UNIVERSITY,NA,NA
